{
    "width" : 1920,
    "height" : 1080,
    "camera" :{
        "position" : [1.500000, 1.500000, 1.500000],
        "u" : [0.707106, -0.707106, 0],
        "v" : [-0.408248, -0.408248, 0.816496],
        "n" : [-0.577349, -0.577349, -0.577349],
        "fov" : 90,
        "near" : 1,
        "far" : 1000
    },
    "object" :[
        {
            "path" : "cube.obj",
            "position" : [0.000000, 0.000000, 0.000000],
            "u" : [1, 0, 0],
            "v" : [0, 1, 0],
            "n" : [0, 0, 1]
        }
    ],
    "light" :[
        {
            "type" : "DirectLight",
            "direction" : [-0.267261, -0.534522, -0.801784],
            "color" : [0.35, 0.15, 0.15]
        },
        {
            "type" : "PointLight",
            "position" : [1, 1, 1],
            "color" : [0.25, 0.25, 0.75]
        }
    ]
}