{
    "weight" : 1920,
    "height" : 1080,
    "camera" :{
        "position" : [2.000000, 2.000000, 2.000000],
        "up" : [-0.408248, -0.408248, 0.816496],
        "front" : [-0.577350, -0.577350, -0.577350],
        "right" : [0.707106, -0.707106, 0],
        "fov" : 90
    },
    "object" :[
        {
            "path" : "Object/cube.obj",
            "position" : [0.000000, 0.000000, 0.000000],
            "up" : [1.000000, 0.000000, 0.000000],
            "front" : [0.000000, 1.000000, 0.000000],
            "right" : [0.000000, 0.000000, 1.000000]
        }
    ],
    "light" :[
        {
            "type" : "directlight",
            "direction" : [-0.267261, -0.534522, -0.801784],
            "color" : [0.35, 0.15, 0.15]
        },
        {
            "type" : "pointlight",
            "position" : [1, 1, 1],
            "color" : [0.25, 0.25, 0.75]
        }
    ]
}